-- Adminer 4.8.1 MySQL 8.0.34 dump

SET NAMES utf8;
SET time_zone = '+00:00';
SET foreign_key_checks = 0;
SET sql_mode = 'NO_AUTO_VALUE_ON_ZERO';

CREATE DATABASE `lamachat.dev` /*!40100 DEFAULT CHARACTER SET utf8mb3 */ /*!80016 DEFAULT ENCRYPTION='N' */;
USE `lamachat.dev`;

CREATE TABLE `Contacts` (
  `pseudo_` varchar(15) NOT NULL,
  `contact` varchar(15) NOT NULL,
  `contactStatus` enum('know','blocked') NOT NULL DEFAULT 'know',
  PRIMARY KEY (`pseudo_`,`contact`),
  KEY `FK-Contacts.contact-FROM-Users` (`contact`),
  CONSTRAINT `FK-Contacts.contact-FROM-Users` FOREIGN KEY (`contact`) REFERENCES `Users` (`pseudo`) ON DELETE CASCADE ON UPDATE CASCADE,
  CONSTRAINT `FK-Contacts.pseudo_-FROM-Users` FOREIGN KEY (`pseudo_`) REFERENCES `Users` (`pseudo`) ON DELETE CASCADE ON UPDATE CASCADE
) ENGINE=InnoDB DEFAULT CHARSET=utf8mb3;

INSERT INTO `Contacts` (`pseudo_`, `contact`, `contactStatus`) VALUES
('hellollama',	'terminator',	'know'),
('pseudo2',	'terminator',	'blocked'),
('pseudo3',	'pseudo2',	'know'),
('terminator',	'pseudo2',	'know'),
('terminator',	'pseudo3',	'know'),
('terminator',	'pseudo4',	'know'),
('terminator',	'pseudo5',	'know'),
('terminator',	'skryska',	'know');

CREATE TABLE `Discussions` (
  `discuID` varchar(25) NOT NULL,
  `discuName` varchar(15) DEFAULT NULL,
  `discuSetDate` datetime NOT NULL,
  PRIMARY KEY (`discuID`)
) ENGINE=InnoDB DEFAULT CHARSET=utf8mb3;

INSERT INTO `Discussions` (`discuID`, `discuName`, `discuSetDate`) VALUES
('s83k08d22x901243110puc0e0',	NULL,	'2023-10-18 14:39:28');

CREATE TABLE `Informations` (
  `information` varchar(25) NOT NULL,
  PRIMARY KEY (`information`)
) ENGINE=InnoDB DEFAULT CHARSET=utf8mb3;

INSERT INTO `Informations` (`information`) VALUES
('hobbit'),
('m√©tier'),
('nationalit√©');

CREATE TABLE `Messages` (
  `msgID` varchar(25) NOT NULL,
  `discuId` varchar(25) NOT NULL,
  `from_pseudo` varchar(15) NOT NULL,
  `msgPrivateK` varchar(4000) NOT NULL,
  `msgType` enum('text','file') NOT NULL,
  `msg` blob NOT NULL,
  `msgStatus` enum('read','sent') NOT NULL,
  `msgSetDate` datetime NOT NULL,
  PRIMARY KEY (`msgID`,`discuId`) USING BTREE,
  KEY `FK-Messages.discuId-FROM-Discussions` (`discuId`),
  KEY `FK-Messages.from_pseudo-FROM-Users` (`from_pseudo`),
  CONSTRAINT `FK-Messages.discuId-FROM-Discussions` FOREIGN KEY (`discuId`) REFERENCES `Discussions` (`discuID`) ON DELETE CASCADE ON UPDATE CASCADE,
  CONSTRAINT `FK-Messages.from_pseudo-FROM-Users` FOREIGN KEY (`from_pseudo`) REFERENCES `Users` (`pseudo`) ON UPDATE CASCADE
) ENGINE=InnoDB DEFAULT CHARSET=utf8mb3;

INSERT INTO `Messages` (`msgID`, `discuId`, `from_pseudo`, `msgPrivateK`, `msgType`, `msg`, `msgStatus`, `msgSetDate`) VALUES
('12702391i0b0441g658k',	's83k08d22x901243110puc0e0',	'hellollama',	'-----BEGIN PRIVATE KEY-----\nMIIJQwIBADANBgkqhkiG9w0BAQEFAASCCS0wggkpAgEAAoICAQDTIOK+U2VFre0f\nAV9Qms/o1FMR0N7XUW5KJODkskOU0jfyMlXyHax+RZGgqPWoDC1l2Dy7CYmYpZdu\nQ/I+UaHpnPSdRaYVDhO+k4S4gAjOkdZiR6+RUqYXTXGqLycsBB9akBGXqFxWudSy\nw8qVy6jDqkUiGnrKOz2vItWSWbmv4vMCJEjotCMOu0ujUXyjqOeiaxyUha69yZwO\nouh5d1RLez6iWQKXKQeSKDmRP7vUkZUYQrl4bddKXXmttkcf+o3nXj4tKJ7B8u5m\nn+heNzyZgFTfGrfDpipL3uQxxS2ygeN43CrczjyRaxkcs/QBN5iREfa88pbtGOoc\nNvrGhc3kJWW3Sqvneb0hYnW+YkzuDWYT9WVk7WAwhOF//AofhonDz4hFeckq3Fsx\nHiHwu+NEtx84ACYXp7EQjFE8Fuzovmd1bdYQDT946422EG+b6uXboqGCIDD+4uHd\neaRuSSxYp2E+kb2fzcgd7l2p2JFORI4GMFTzD3WPN6Wvu1VGG15WSDeFCwm3EykS\nyOxu+V8mQaboRfRp263t9toHIX1e4gYGp1KsHFE4YgqYKNgg/EO1mCm0Ly3oil56\n44mA4G37+uxoXxfyFF2fWgDrk5aqzV3f2gq+ZI/k2BiiD2wEAg45X6JF0NO4XbSO\nOY6i+Rou2m2fZqkJdF+J6CDVpseydwIDAQABAoICAH/BcZNr0WdFpKvTX8LduxuP\nh6jLNF0kmFFjWXbp6/0c69+x19IHZL6QCFwogWYr4Di1jaI8Vje5VBXUJbzSFuDP\nKjIU2Df7abUzfOdMCog9NXYJHNMaKQkGwtYRbGm1IOfjL9IOfbm4/10hHvBf6YJl\nASpuzYicKmpU8Nl7U+J7uUK9hCTUBDbA3Tc5cutxpKDiocu5zRBo8/bjWztNGwQF\n0tPYernPiRZHIvaik11ArvCcR7D4/oKwZ5XXK9jM+5taqtMWtmJ0RxBwiOKiGBhm\n0HSkrThFz2hTus/nGgzfji8vQvyUC5CPNwXoWql14+s87IpPXUahgeCK4FrK0te2\nI9Mc6+QXupKmwn5kWLeSd2K7IS8fj8wSi29bba7qWuMSAwNm78SL3CGd1O29fRvH\n3iZCcmYjUv6B9SM2jh4oyXRzoAHgA6AMFSVwo5mFvbM36KfkQlusdJZWYBhftGwy\nNDAY5h791RJg/evnjcM9r1ptik+ruCwjo8ri4x7aBr7FfAp1QjPnOnLBJrlgGscp\n6miomkVF0qwQYS4/2NCVcZVh8CKkCuxJmPdB23770HFeQ26v82/DlP/aCAQsNN+0\n6DI5kql8hTMt9F+k+zIc4qX16jyUr+g9zT9yKtAyS3n8ORcal+zqxQfc5+GYtTbi\nPun1ZsMkd3RfDh84Jqs5AoIBAQD6tzjB7Y/oReScGnOoxU/3JBQvTpLH5Tm086n/\n3vRgXOd9ECvD1EhsbP68t6qK5U5b7CLy+qx4p5R8+ELroCCPohZHAmmx1J+CjlPe\nQ7OWvEokrfytmKg5IMZWafIIwQBru1Ec+DKYOc0LlI86qBP/t719RJyw3M1F0LJ2\nl6kZ2z1Cv9H+mY4Af7JfxO3IxyVj5xYPzDhYzdyUD6GGGnj0kG9yYTfFe9QTvGi+\njvQGhqscKkOZ0807vt+ktzLxeMeJQFZGEwxv43Jvktb01EMRqfzaJS/WAW6RpTDt\nMfOQElh8UWUyUmfbdpYvVLChhOPnmqh0lNDkxlm7iT2D7l+9AoIBAQDXlBB9yexB\nwdiPTEaYJf5kqIqI5j4iGs0R12XPq+5pEsc7sAo0kHmNk1WoxosX18vplfOdhR5X\nSrKbpoiGcojjeMVaMgy52XsRKIh4nljWQXW5PPB3DdosPBKbL35Wh7xnNNc5LIhA\nQIVn/w75il4Uj2Cs40IebnaIz22JIO/kR0VUVXePgN2ongPqIRQC8mv7XN6oS2ok\nuWn6ljHhSnsxbTtqLVmWSTskp2E50G3iyGNm/k3P+OW28zGq+bGVUy62jSle6x7U\nTPAyGAHnXska8k+dHz7DQT5XZ+/X2l4ifqmCaFwhqjMMaa40Of67i6n83Qvsabmd\nalsKePFGv3RDAoIBAQDiYKO//ygMW2eTSBMc1aRhi9Mp7/F6ytAzQjxCi+buR5TB\niONre/c056mPbutvZKM/PtVDvfITM4VQ3b1XEgu0hW9GCLi02D563NZ/f3Pd6/+q\nZOsdOBTVGHHdvuXK37HolIcl+Dl+19n71dUJ6o+8OwS+4j/1NjmnC0zI5iHK9fm3\nloofMDlW2/aMoLzvqFlrflGeTBCopqC/k+mNs8N5WB05Eu0PxMJ2W43cWime5uQD\nl2nYsLTEeJFpIf2+qQbKOCxuM27sbFt8wQKUqEAy5+Eme6NYwYw7uAOYeJzqfpYl\nEj2klWGveMEc1YRzIxHBoxTtxx1jJHILclz4DjmlAoIBAF4eufiBYVHwVSFzNtsU\ns3W1FA7jHzt6og/pD/1UXlmnpi6MFFiQv1Etg1eVn4LAZ7nLCzq5tN59sW89jRvO\nA6/0uY1AjsfRiOab4MFwuO6KU+CVF5OTC68GZ0Uzvh//USVqL5E5vR74TIZ0GFCg\ntaSaWKYC7ookxkHC9lrJc5Mh/sXsLrALnjsRCjp9SKRkvPpYuKmXi3cPMJMEYjCv\neQvCWg9oT1XLETRWk59PPbqmrKd53fUwAPMYSJYSQBMm5x0ykl5rnuEn2jK0wpgG\njRzjsBi0XI2Y/aPhsBh4sWK0FEPoVlkoWvNPbIxGyc2OE6BfzeXg3vY4ShlPZl/y\nFMsCggEBAJWKBZNKfdIBhzAEi4tY1fbqjOTtS777O/pts+M2V53rvkBEAxr9WCyW\nUITKc1reZZiu5s1C7Ncg47XRVZ2c18COqSDXSduZxj9V1XIkraV74ZEkKJvANK/Y\n+gy33IsTU6LeZoU9TTZNxuJibO4hhQL5S/JwGQL+A54YvMSUIZhbZr3K7U9qJgdn\n6teOwPVqwosRpszI9ctvKwQVrAqUAx/EDw+EjL+H7dR/DvqeXWWr/2WjenG/NluH\nhGyN18aHc/rKypQAct+F3ZpIJ2oshC4WCbJzI/FoTTw/we2vkLP/AbW58K08c0CK\nUJ+/dLdLfSbPKRXYzlKTfv2w/EsBRGI=\n-----END PRIVATE KEY-----\n',	'text',	'—WL„4N∆„2e„ôÎÒBÄ,≤´‹ÃVßY+{‘≠\Z1ò∂µU\" KhiîïƒÍnIVê\"Cµÿ3c‚è˝5ôÓ≈ô˙®ÂüÃÛ…÷b¬Àe$:vB7Ñ„º5J∆ì.ñΩP·Da‡k±ˆ„$ç\'ÆÔ∂5¯ŸÕ€ZÇ˛Ó`±CX\"ÔÒ∫[ó^lX∞4TßDÚ]t•ùNÉe£müïÀo≈H…ëñπÃ>‘◊æ?oTo\"Ö‘¥ïúØ∑uÇˇyV≠8j_2@I[ûáÀ9r“ Å’BìÄÊPäÂ,\n¨KóÄ®π·”õÉo“Ã>Ú1cZŒ¢Õº˝ÿhgéπ8œ≤∑Úø‚◊ﬂ¢§ëßzëiSàÇ@êΩk˜·˜l≠\"êæ√Ã@ìä#≥´Å≥ÜÁ^4É#C∂˝ä&ñ≈*ùÛvêSœáÄ_Úà\")VLb…JˆÁ˚!2òı/“géÎd3™ÓﬂÔ©›˜ {ñ.!‚U¶’àí\ZCk;‰\0ú]\' N\rxáÓôRêH\"lôdÏÂté»%ƒ#≠π2ZÙÆ√·N#O≤ÿ«6|Ó1Vél∏ﬁÙtÜÍÇ$Pt	»¢ßß6òŒ˛@A,¬õt∞?’ÆÁ„	œ¸	ÿ@¶˚™Âçùgo2rƒª»πMˇ`’¡ƒïi0\\◊NoO',	'read',	'2023-10-18 14:47:59'),
('1j8d14214u130204102t',	's83k08d22x901243110puc0e0',	'hellollama',	'-----BEGIN PRIVATE KEY-----\nMIIJQwIBADANBgkqhkiG9w0BAQEFAASCCS0wggkpAgEAAoICAQDTIOK+U2VFre0f\nAV9Qms/o1FMR0N7XUW5KJODkskOU0jfyMlXyHax+RZGgqPWoDC1l2Dy7CYmYpZdu\nQ/I+UaHpnPSdRaYVDhO+k4S4gAjOkdZiR6+RUqYXTXGqLycsBB9akBGXqFxWudSy\nw8qVy6jDqkUiGnrKOz2vItWSWbmv4vMCJEjotCMOu0ujUXyjqOeiaxyUha69yZwO\nouh5d1RLez6iWQKXKQeSKDmRP7vUkZUYQrl4bddKXXmttkcf+o3nXj4tKJ7B8u5m\nn+heNzyZgFTfGrfDpipL3uQxxS2ygeN43CrczjyRaxkcs/QBN5iREfa88pbtGOoc\nNvrGhc3kJWW3Sqvneb0hYnW+YkzuDWYT9WVk7WAwhOF//AofhonDz4hFeckq3Fsx\nHiHwu+NEtx84ACYXp7EQjFE8Fuzovmd1bdYQDT946422EG+b6uXboqGCIDD+4uHd\neaRuSSxYp2E+kb2fzcgd7l2p2JFORI4GMFTzD3WPN6Wvu1VGG15WSDeFCwm3EykS\nyOxu+V8mQaboRfRp263t9toHIX1e4gYGp1KsHFE4YgqYKNgg/EO1mCm0Ly3oil56\n44mA4G37+uxoXxfyFF2fWgDrk5aqzV3f2gq+ZI/k2BiiD2wEAg45X6JF0NO4XbSO\nOY6i+Rou2m2fZqkJdF+J6CDVpseydwIDAQABAoICAH/BcZNr0WdFpKvTX8LduxuP\nh6jLNF0kmFFjWXbp6/0c69+x19IHZL6QCFwogWYr4Di1jaI8Vje5VBXUJbzSFuDP\nKjIU2Df7abUzfOdMCog9NXYJHNMaKQkGwtYRbGm1IOfjL9IOfbm4/10hHvBf6YJl\nASpuzYicKmpU8Nl7U+J7uUK9hCTUBDbA3Tc5cutxpKDiocu5zRBo8/bjWztNGwQF\n0tPYernPiRZHIvaik11ArvCcR7D4/oKwZ5XXK9jM+5taqtMWtmJ0RxBwiOKiGBhm\n0HSkrThFz2hTus/nGgzfji8vQvyUC5CPNwXoWql14+s87IpPXUahgeCK4FrK0te2\nI9Mc6+QXupKmwn5kWLeSd2K7IS8fj8wSi29bba7qWuMSAwNm78SL3CGd1O29fRvH\n3iZCcmYjUv6B9SM2jh4oyXRzoAHgA6AMFSVwo5mFvbM36KfkQlusdJZWYBhftGwy\nNDAY5h791RJg/evnjcM9r1ptik+ruCwjo8ri4x7aBr7FfAp1QjPnOnLBJrlgGscp\n6miomkVF0qwQYS4/2NCVcZVh8CKkCuxJmPdB23770HFeQ26v82/DlP/aCAQsNN+0\n6DI5kql8hTMt9F+k+zIc4qX16jyUr+g9zT9yKtAyS3n8ORcal+zqxQfc5+GYtTbi\nPun1ZsMkd3RfDh84Jqs5AoIBAQD6tzjB7Y/oReScGnOoxU/3JBQvTpLH5Tm086n/\n3vRgXOd9ECvD1EhsbP68t6qK5U5b7CLy+qx4p5R8+ELroCCPohZHAmmx1J+CjlPe\nQ7OWvEokrfytmKg5IMZWafIIwQBru1Ec+DKYOc0LlI86qBP/t719RJyw3M1F0LJ2\nl6kZ2z1Cv9H+mY4Af7JfxO3IxyVj5xYPzDhYzdyUD6GGGnj0kG9yYTfFe9QTvGi+\njvQGhqscKkOZ0807vt+ktzLxeMeJQFZGEwxv43Jvktb01EMRqfzaJS/WAW6RpTDt\nMfOQElh8UWUyUmfbdpYvVLChhOPnmqh0lNDkxlm7iT2D7l+9AoIBAQDXlBB9yexB\nwdiPTEaYJf5kqIqI5j4iGs0R12XPq+5pEsc7sAo0kHmNk1WoxosX18vplfOdhR5X\nSrKbpoiGcojjeMVaMgy52XsRKIh4nljWQXW5PPB3DdosPBKbL35Wh7xnNNc5LIhA\nQIVn/w75il4Uj2Cs40IebnaIz22JIO/kR0VUVXePgN2ongPqIRQC8mv7XN6oS2ok\nuWn6ljHhSnsxbTtqLVmWSTskp2E50G3iyGNm/k3P+OW28zGq+bGVUy62jSle6x7U\nTPAyGAHnXska8k+dHz7DQT5XZ+/X2l4ifqmCaFwhqjMMaa40Of67i6n83Qvsabmd\nalsKePFGv3RDAoIBAQDiYKO//ygMW2eTSBMc1aRhi9Mp7/F6ytAzQjxCi+buR5TB\niONre/c056mPbutvZKM/PtVDvfITM4VQ3b1XEgu0hW9GCLi02D563NZ/f3Pd6/+q\nZOsdOBTVGHHdvuXK37HolIcl+Dl+19n71dUJ6o+8OwS+4j/1NjmnC0zI5iHK9fm3\nloofMDlW2/aMoLzvqFlrflGeTBCopqC/k+mNs8N5WB05Eu0PxMJ2W43cWime5uQD\nl2nYsLTEeJFpIf2+qQbKOCxuM27sbFt8wQKUqEAy5+Eme6NYwYw7uAOYeJzqfpYl\nEj2klWGveMEc1YRzIxHBoxTtxx1jJHILclz4DjmlAoIBAF4eufiBYVHwVSFzNtsU\ns3W1FA7jHzt6og/pD/1UXlmnpi6MFFiQv1Etg1eVn4LAZ7nLCzq5tN59sW89jRvO\nA6/0uY1AjsfRiOab4MFwuO6KU+CVF5OTC68GZ0Uzvh//USVqL5E5vR74TIZ0GFCg\ntaSaWKYC7ookxkHC9lrJc5Mh/sXsLrALnjsRCjp9SKRkvPpYuKmXi3cPMJMEYjCv\neQvCWg9oT1XLETRWk59PPbqmrKd53fUwAPMYSJYSQBMm5x0ykl5rnuEn2jK0wpgG\njRzjsBi0XI2Y/aPhsBh4sWK0FEPoVlkoWvNPbIxGyc2OE6BfzeXg3vY4ShlPZl/y\nFMsCggEBAJWKBZNKfdIBhzAEi4tY1fbqjOTtS777O/pts+M2V53rvkBEAxr9WCyW\nUITKc1reZZiu5s1C7Ncg47XRVZ2c18COqSDXSduZxj9V1XIkraV74ZEkKJvANK/Y\n+gy33IsTU6LeZoU9TTZNxuJibO4hhQL5S/JwGQL+A54YvMSUIZhbZr3K7U9qJgdn\n6teOwPVqwosRpszI9ctvKwQVrAqUAx/EDw+EjL+H7dR/DvqeXWWr/2WjenG/NluH\nhGyN18aHc/rKypQAct+F3ZpIJ2oshC4WCbJzI/FoTTw/we2vkLP/AbW58K08c0CK\nUJ+/dLdLfSbPKRXYzlKTfv2w/EsBRGI=\n-----END PRIVATE KEY-----\n',	'text',	'ΩO™Ådv∑xÜø˚|8XΩ>¿Î»µ/é ˆﬁ⁄_\nﬂ›ÔùEö⁄îñ#&–«†JÄg⁄&§†2ÑØÏW~∑>~Í¨5\nº≤à6Rè¸#Îƒ˜˝Ó5G¨úbK3âÔj≤a\\úÏI·ÜÃWód¥a5°\"Ö∂Qßg¬Aøï§œ4√¯}ÿ-J$Ãﬂ“≤–{X÷—ÙÛÇÃk	}ç-)t`3ÇàJA„)”FcÃ<q=OI87pMJ¢çO“?w\"ÈoG«?û¸©/´ΩZÉŒ™»‘ﬁ$a»çŸ.ë™u¨ôÁ¸‡ÚºÊci?maƒJGÆ4’‰Úû,Ó‹Ñ|S◊ÒπswáR‹ÜG¨ÎrMÂ\"“IÕ•G2»0~1ˇÊMï-nŸÕNÌÄ.O{kõ≤ÉZARm(wHÍX‡,ìãI,YiÜM˚¯¬}µpëtnTŒÓ≤Ô`Vm’Yw[F5–ÀÖÏ¿I≤Z‘\"π‡pÁë	’∞gDÆÚfuS®…*9±ﬁf/YŸA}í,xg˘eÊ}∞ÄÎ:yÁ©¥Á¨-lΩ_∑◊,ÍÍpâ;ÂcÙ‚ +√¿$µê‚√~øB£ø∂x*·/ì/ZCæ1+âïG!-ÿ„>~ﬁoØi-V∏®ãµ≠ÛóÙÆ±È±≠FáävlÊ4MÂksQÿÓ˜S9',	'read',	'2023-10-18 14:42:41'),
('93m80011e4z0214y2p10',	's83k08d22x901243110puc0e0',	'hellollama',	'-----BEGIN PRIVATE KEY-----\nMIIJQwIBADANBgkqhkiG9w0BAQEFAASCCS0wggkpAgEAAoICAQDTIOK+U2VFre0f\nAV9Qms/o1FMR0N7XUW5KJODkskOU0jfyMlXyHax+RZGgqPWoDC1l2Dy7CYmYpZdu\nQ/I+UaHpnPSdRaYVDhO+k4S4gAjOkdZiR6+RUqYXTXGqLycsBB9akBGXqFxWudSy\nw8qVy6jDqkUiGnrKOz2vItWSWbmv4vMCJEjotCMOu0ujUXyjqOeiaxyUha69yZwO\nouh5d1RLez6iWQKXKQeSKDmRP7vUkZUYQrl4bddKXXmttkcf+o3nXj4tKJ7B8u5m\nn+heNzyZgFTfGrfDpipL3uQxxS2ygeN43CrczjyRaxkcs/QBN5iREfa88pbtGOoc\nNvrGhc3kJWW3Sqvneb0hYnW+YkzuDWYT9WVk7WAwhOF//AofhonDz4hFeckq3Fsx\nHiHwu+NEtx84ACYXp7EQjFE8Fuzovmd1bdYQDT946422EG+b6uXboqGCIDD+4uHd\neaRuSSxYp2E+kb2fzcgd7l2p2JFORI4GMFTzD3WPN6Wvu1VGG15WSDeFCwm3EykS\nyOxu+V8mQaboRfRp263t9toHIX1e4gYGp1KsHFE4YgqYKNgg/EO1mCm0Ly3oil56\n44mA4G37+uxoXxfyFF2fWgDrk5aqzV3f2gq+ZI/k2BiiD2wEAg45X6JF0NO4XbSO\nOY6i+Rou2m2fZqkJdF+J6CDVpseydwIDAQABAoICAH/BcZNr0WdFpKvTX8LduxuP\nh6jLNF0kmFFjWXbp6/0c69+x19IHZL6QCFwogWYr4Di1jaI8Vje5VBXUJbzSFuDP\nKjIU2Df7abUzfOdMCog9NXYJHNMaKQkGwtYRbGm1IOfjL9IOfbm4/10hHvBf6YJl\nASpuzYicKmpU8Nl7U+J7uUK9hCTUBDbA3Tc5cutxpKDiocu5zRBo8/bjWztNGwQF\n0tPYernPiRZHIvaik11ArvCcR7D4/oKwZ5XXK9jM+5taqtMWtmJ0RxBwiOKiGBhm\n0HSkrThFz2hTus/nGgzfji8vQvyUC5CPNwXoWql14+s87IpPXUahgeCK4FrK0te2\nI9Mc6+QXupKmwn5kWLeSd2K7IS8fj8wSi29bba7qWuMSAwNm78SL3CGd1O29fRvH\n3iZCcmYjUv6B9SM2jh4oyXRzoAHgA6AMFSVwo5mFvbM36KfkQlusdJZWYBhftGwy\nNDAY5h791RJg/evnjcM9r1ptik+ruCwjo8ri4x7aBr7FfAp1QjPnOnLBJrlgGscp\n6miomkVF0qwQYS4/2NCVcZVh8CKkCuxJmPdB23770HFeQ26v82/DlP/aCAQsNN+0\n6DI5kql8hTMt9F+k+zIc4qX16jyUr+g9zT9yKtAyS3n8ORcal+zqxQfc5+GYtTbi\nPun1ZsMkd3RfDh84Jqs5AoIBAQD6tzjB7Y/oReScGnOoxU/3JBQvTpLH5Tm086n/\n3vRgXOd9ECvD1EhsbP68t6qK5U5b7CLy+qx4p5R8+ELroCCPohZHAmmx1J+CjlPe\nQ7OWvEokrfytmKg5IMZWafIIwQBru1Ec+DKYOc0LlI86qBP/t719RJyw3M1F0LJ2\nl6kZ2z1Cv9H+mY4Af7JfxO3IxyVj5xYPzDhYzdyUD6GGGnj0kG9yYTfFe9QTvGi+\njvQGhqscKkOZ0807vt+ktzLxeMeJQFZGEwxv43Jvktb01EMRqfzaJS/WAW6RpTDt\nMfOQElh8UWUyUmfbdpYvVLChhOPnmqh0lNDkxlm7iT2D7l+9AoIBAQDXlBB9yexB\nwdiPTEaYJf5kqIqI5j4iGs0R12XPq+5pEsc7sAo0kHmNk1WoxosX18vplfOdhR5X\nSrKbpoiGcojjeMVaMgy52XsRKIh4nljWQXW5PPB3DdosPBKbL35Wh7xnNNc5LIhA\nQIVn/w75il4Uj2Cs40IebnaIz22JIO/kR0VUVXePgN2ongPqIRQC8mv7XN6oS2ok\nuWn6ljHhSnsxbTtqLVmWSTskp2E50G3iyGNm/k3P+OW28zGq+bGVUy62jSle6x7U\nTPAyGAHnXska8k+dHz7DQT5XZ+/X2l4ifqmCaFwhqjMMaa40Of67i6n83Qvsabmd\nalsKePFGv3RDAoIBAQDiYKO//ygMW2eTSBMc1aRhi9Mp7/F6ytAzQjxCi+buR5TB\niONre/c056mPbutvZKM/PtVDvfITM4VQ3b1XEgu0hW9GCLi02D563NZ/f3Pd6/+q\nZOsdOBTVGHHdvuXK37HolIcl+Dl+19n71dUJ6o+8OwS+4j/1NjmnC0zI5iHK9fm3\nloofMDlW2/aMoLzvqFlrflGeTBCopqC/k+mNs8N5WB05Eu0PxMJ2W43cWime5uQD\nl2nYsLTEeJFpIf2+qQbKOCxuM27sbFt8wQKUqEAy5+Eme6NYwYw7uAOYeJzqfpYl\nEj2klWGveMEc1YRzIxHBoxTtxx1jJHILclz4DjmlAoIBAF4eufiBYVHwVSFzNtsU\ns3W1FA7jHzt6og/pD/1UXlmnpi6MFFiQv1Etg1eVn4LAZ7nLCzq5tN59sW89jRvO\nA6/0uY1AjsfRiOab4MFwuO6KU+CVF5OTC68GZ0Uzvh//USVqL5E5vR74TIZ0GFCg\ntaSaWKYC7ookxkHC9lrJc5Mh/sXsLrALnjsRCjp9SKRkvPpYuKmXi3cPMJMEYjCv\neQvCWg9oT1XLETRWk59PPbqmrKd53fUwAPMYSJYSQBMm5x0ykl5rnuEn2jK0wpgG\njRzjsBi0XI2Y/aPhsBh4sWK0FEPoVlkoWvNPbIxGyc2OE6BfzeXg3vY4ShlPZl/y\nFMsCggEBAJWKBZNKfdIBhzAEi4tY1fbqjOTtS777O/pts+M2V53rvkBEAxr9WCyW\nUITKc1reZZiu5s1C7Ncg47XRVZ2c18COqSDXSduZxj9V1XIkraV74ZEkKJvANK/Y\n+gy33IsTU6LeZoU9TTZNxuJibO4hhQL5S/JwGQL+A54YvMSUIZhbZr3K7U9qJgdn\n6teOwPVqwosRpszI9ctvKwQVrAqUAx/EDw+EjL+H7dR/DvqeXWWr/2WjenG/NluH\nhGyN18aHc/rKypQAct+F3ZpIJ2oshC4WCbJzI/FoTTw/we2vkLP/AbW58K08c0CK\nUJ+/dLdLfSbPKRXYzlKTfv2w/EsBRGI=\n-----END PRIVATE KEY-----\n',	'text',	'uô÷}q2ızû˛q¨BÂí?#-\Z∑‰≥@Úw0´ZºÏ¢∫⁄,E˘ncy…zÈÿ\n	¢_Ø—Êóë˛oØÍµQ\r+Ííÿid·≠¢6±ó«ZÉ\\=o´§É¸ë±≤\ZÖZWO\nVöÊ\nÏıõÎÊ cßm∆ç≈—_»í˛õ\'ıö≥ôviÃÙ®Çßüî-øÕXÇ€∑ã0æ´€tÇ≠°\0L[ùø4]ÎoÇ[±‡+È4/≤lé®∞§á\Zg÷ Ú…ÓM$oä}˚È¨vr`Æ=∞·Öß±Âó/ÎY\\˘M/oP‘+€ª†€KQŸ-˜›K\"\\M/aº–r∞|XûÄ\nCòÏ!∞?◊;[Ÿƒ•f‰{Öï$éÖf,5W_#@¶0œ\'ÄÿôÑß–Ëy5‘ÃÙ˛Ë¬8# ˙Çäyt«Wl´“‚îßCÓπ˙,†áZóo†k‚@Kû≈√ò´TZâÓJ(_π‘cõ\Z¯§\n2*˚´€ﬂƒr¯.6û!ﬂ˚À˙±øzÎw\\Í›ü\rlÊR—\ZÎ˚C¬{ïßi»coæ0’TJ‰—µú–8ú›ƒªG|’ä‡≥≠˚&ˆg¸SÇ9Ï›&$çoŒ˚ƒ^f¸ÇÔhz¸∞7æÜâ•™˙∞˜\\∆Ú·3ØZê8öÿUA)_∞qnK4ÙB‘\n“©˙(>Ÿ2*ù¯',	'read',	'2023-10-18 14:40:09'),
('q0824fhm424148021361',	's83k08d22x901243110puc0e0',	'terminator',	'-----BEGIN PRIVATE KEY-----\nMIIJQgIBADANBgkqhkiG9w0BAQEFAASCCSwwggkoAgEAAoICAQC97okaoFZogqJs\nJsFWkXmT/Xjyzw1OYi5IM+4TQbqlnhUPVDI7FRbXy64HIsvsVmiY73b3LoIh6AxH\nTBzhEapmN3+hTYCFJxjinLKjruC0UP6F6Doa80gK0fzqfKV3Q7DVPKK834LNB61b\n+9ofRBD5SZjCqe87Nq2MOvhaE2rmR1apXvrzMCytvgwT5vxP7Jf9tswOLfFBbUOz\nVhfp11pVN6YdJ4E9gDJmc5skVOmBPgNTVX8PS5khAlhKqWdVNH63Xz8E/tZMnubG\nuo9EEJFMsqNy2AW5KjjM+5n1hqLc6ch7/m5XH5Xj0aBAoKrflltmzigOy69O4Zp1\nZkJGqlRyh1m6Y9sls2r5FDaeK08WFxgIrN8ZVjgTSvTH+T5TbmE00VGxMvE39eRh\nfS5ukT8bZB8boJg5xSYwWb3zzC1mXxiRvbfO4lFEaukNTBKL1Bjm4c/qHzZaGqiH\n0CF6tMRXMn6Xj0uSuK3e0Ldfb2mE9tyyUHEVKPzcIu7LYpPzQxFvfXrgYQVCqApc\nQFZxda/vi63rp8B9L9IJi9xySTQYA+IbckjEEDF40XbUjKw2kp2i7GZuUoPMIYEA\n18DJaCjY7qjS6KYW4yS9ZKyUCTNaS93Bg9I7pc12GyMk8WQMm6KjoYEMD7PiNC0/\ngAhpXaFLJDe8f3ijKjpjLV5H+JYspQIDAQABAoIB/y97css1SmTWQ8TF64+4zqww\nsgwBt1HhObDTSrGFvSOqYZlzcxtSKmPIh7lA+bob4Apb02H4PpA7ctZgMNgTkoX7\nWez5cyfWnmIIyqAhGAv8M6VGaUBTka8i0BfPEY6/XXXxsr2FIy4evThBvkYSviuU\nOpxv317uTHTCSVQ7hn4LV58AH7ysTn8hA+P12x4gB99l05233ph8uHAdFd1f+TVU\ntDKVrbmyUudJ/38Vu0qUNkCfHySzwZR/AZOoxiyG8ybkqNyW2PxOvWLxQN/DRI/o\nGPSdDNE9vPWB8PtwrUaNK5HUCcG+I7rQrT966zz6Wd9ZqqoIQct2mya+adNAwdtx\ncty9LgPZ87G+fCmcnmnhXTw/luZSLlHb46x0EftTz9375YoUHGShB+hH04xTeiDK\nS83pwiScphQJxzJAMh8A1FV59BR3481swdUr8yCthYSG5sKO4QjxAmxKSHBY7kWZ\neQBwSrVVBbuJ/kZOQChazwetczhkuOMiZnTU179VMHZZJf4rO0BYwmyKEkkP8fYY\nob/KgPq/t91pzi94X9oGm6jKTxuLfsoi3VCh+N9wFfmoSPJ9ljdzJRlnQQ0/wj67\nm/v/7Fe/acHRJcbTO135V6/By4YN/ZzztBgMoudQkoLz+p2NIzt4Msc0soiQtidw\n4ZnmnY7BvR6R7bJj+AECggEBAOzDyNTvsabavaxBtmk50qOvbG/KQvrHx8Q2FxAH\nFdUBwlFxyvPpNAxFg8SXJ98TAvvNnVAtKDwnR7tpBLm/IMFpdqILxFIv1rNY0/ec\nU5ubizEujZ08Pjc/PNjjZr7jzzW0aVxCMPJh3kqpS3eOZqv9PDnMyEPni4sCsC+P\n6+DTUHPXuNmqgqffuZFVqHIseIIn0fXlc1zbwBJt+rJ44YC4DXxygbLuL2agpVca\nWbO3F9p2MUCIWNil9GoaMcPnIJFst1BzxcFS/cj2EwliX0TC5kZbzMbl/pvTYpD7\nmlFtFIUz/BJmAal7AtCdtx9K4ZDzVewWCAHv8Xc0VPlCFz0CggEBAM1cuM7Ab+yy\nDJ89R171KXRMJcnIPrcdu13oj4o9gAIyq1DRzlhuIPPsuHmn9hYSR1afHXoq2A3U\nJd7n/vTcyNHhweKF0OBAWHVTMZ1VBbXkk370NqtrvJs71cRrKXBmDd3Pxo3cy0df\nvkcm0sXBQ98B7CS4tYVQMSrFvkXRtq5+8OMxykJ1EbAfjX0FfHqXXt8muADX9NAr\n1PLAEnx97OlTUF32qvLZ8uQ4YThr1zsQ5Bjl0ffYnyNo2jw8xaEDvmXRPSiQ8nLL\nurAYIRvINjRENteJT3jYy7oLk118onxOQQJWyd5Kvhz5PxGDvTFbiPcgO3KExasa\n8Hn44biqgYkCggEBAJGQ6dfpKptAX18Z47GcSGI0x4GPpFCVJb//1XwYLxcQBs2W\nHcaKeWKWFqZ2nJ/tC2ePCgoySUt6hwK1VZ9x4Ayp77M/csto+CK6GVBiP5ErN4/c\nZFrooAPNkHZ0kUYJv+rv6ds8IuXSwB29KlXuKjfR8QZEXlhJcqTb2UDUxpwqr4sZ\ndV/2EnBt/6RYOsE/kDPNkawSDzRnMxbhoUG7SkGeZ0Q9DnrZMDFz0VPVMpNonXTG\nOA/KBH3mwne9dR1R69cdNTN0ioAKq1ez2w5o+dPH1FYruKIM49YgR7iFyGIJo5Ul\n2fPh3WG67IcggGbv3fEFeq00+mVehWHZveil9q0CggEAAbEt5KY5Rd4BtJ4wpFuo\nx8iI1yzLN38LOC7eX+k50MrSFoxkAt6Fbv0YWAhGQtBLvi75czQ/K34AAeIve50G\nGpSdoFwx6GcfU3goBH/a2DDV9knU2Xy9xRmtHT00zjRJEPbRUAHtutzTGIr9WZvK\nD2BYrcTH2h1bClsuwiyEMNPi8DxMyldkmeroo4sUB36PzY7oHTmqTrzNuGJUxKnU\n9ec11lBeADpDghXk1y4sS9RLzNi37i7ewM/wXGazyivZucULl/X5yXBcTW8ldrEj\noTKesQ/0k65Vn2bRBAgu3o9WgcptR2OeRWbYWjCXsnxqmH6vfrYRWuOR769ZTMg6\n4QKCAQEAhBrksAsTpWWNULjvi0tNZvfcaph90tJpeC/UMoaTjs2PKsZfYJ7hn0t7\nFq4wm8QMeJjnOpTkJIT/81OxFOCy5fKXE+FcvXRHDKdjnPQ1ffaubPUz2Xqj5thk\nmucrQltr78VHxqe9ulrJmJ7wBmi5K0QLOeZjGx+c+Lu/nFFWasdSPLMD7Ne5IH0m\nH3UXFz68Z9OkWLPuMex532WnkSCpHYQQ55Ed1w1Fwu2yn/fLIj1MIoLgoxP5rTSY\n6uQ42sOMxAlucWTU0RF6eki0jE5YnD+QXBpYmSc2XF0FPUPzG9bf8QFxMdvoVyHl\nMa1Wh3nywDchRZ0I1KQEfjZDLnFrUw==\n-----END PRIVATE KEY-----\n',	'text',	'\'q(]°\n=hNGVÚo¨%Vu◊ÎÕπ@≈ËN˝«…Ltcê¡ΩF±Bvtô∑˛0‘fëCVå1b?‰zØ·6 ßZB%<…Ú´(˚ €„K?1GQıÜe¡ì\\.aˇó˚¬Ö)SqäO@⁄ÿ?Ïºæ_óΩ\'zÜÉˇ‡’ßö¿¸Ïé)\0«V«∆\n[7ç∫¢˘Y∑A)‘)I£ñ}h´y·Z–5≤V$]eò–6–›˚b?ÜBÔêˇrÅ≤√`J¯)\'Üı ä3ô¢¯‰>aw*ËL©Zä,wp(áV?Ø[7po¢—QÂ &Q>^MÂl•”å*p-$¶Û™9†Ì„/Èü\'kø`9†Uµ†%bHµ¨‘≠g´•Ó\'GSj∑∏ú+£u£çûG!x©16”¨|\rã«\"b3U“zÆ>¶πœjÿµë‹	Uo<<È<ﬂ∑+ÛÀóÕ”Ç+UIÒL`%:nJ)Õ/&ÿü/XvÚTÆ9SÆBJP„§∂•∂al$ÉÎﬂπ¿/$˜ò§“pä¡5¬≠„ÍíŒNï5^á√° €C˜ä |ë˘ì$èµ<üòÀß6≤õ´ùRCñïŒLÈx›ÌˆäÒä∫ÈHå™y6~≥ﬁrM§È˛à¢pW›ŸOÎÁ«œ™‚∫VI”««⁄uHkﬁá',	'read',	'2023-10-18 14:46:42');

CREATE TABLE `Participants` (
  `discuId` varchar(25) NOT NULL,
  `pseudo_` varchar(15) NOT NULL,
  PRIMARY KEY (`discuId`,`pseudo_`),
  KEY `FK-Participants.pseudo_-FROM-Discussions` (`pseudo_`),
  CONSTRAINT `FK-Participants.discuId-FROM-Discussions` FOREIGN KEY (`discuId`) REFERENCES `Discussions` (`discuID`) ON DELETE CASCADE ON UPDATE CASCADE,
  CONSTRAINT `FK-Participants.pseudo_-FROM-Discussions` FOREIGN KEY (`pseudo_`) REFERENCES `Users` (`pseudo`) ON DELETE CASCADE ON UPDATE CASCADE
) ENGINE=InnoDB DEFAULT CHARSET=utf8mb3;

INSERT INTO `Participants` (`discuId`, `pseudo_`) VALUES
('s83k08d22x901243110puc0e0',	'hellollama'),
('s83k08d22x901243110puc0e0',	'terminator');

CREATE TABLE `Users` (
  `pseudo` varchar(15) NOT NULL,
  `password` varchar(255) NOT NULL,
  `firstname` varchar(25) NOT NULL,
  `lastname` varchar(25) NOT NULL,
  `birthdate` date DEFAULT NULL,
  `picture` varchar(50) DEFAULT 'default-user-picture.png',
  `status` varchar(250) DEFAULT 'hello world',
  `permission` enum('admin','user','banished','deleted') NOT NULL DEFAULT 'user',
  PRIMARY KEY (`pseudo`)
) ENGINE=InnoDB DEFAULT CHARSET=utf8mb3;

INSERT INTO `Users` (`pseudo`, `password`, `firstname`, `lastname`, `birthdate`, `picture`, `status`, `permission`) VALUES
('hellollama',	'$2y$10$eDsSkAooN6J61kZsy1.wy.ry9dcoaZs.DVDhHDYoFL546vgQMbYFK',	'hello',	'lama',	'2023-10-18',	'3n331132124w29q8e000.jpg',	'Hello Llama',	'user'),
('mytest',	'$2y$10$t80pozczfIIrM7ulnVQE5OQAtZD765D6PKvs2STwb9uZ7VVd7HjjK',	'pr√©nomtest',	'nomtest',	NULL,	'default-user-picture.png',	'hello world',	'user'),
('pseudo2',	'$2y$10$t80pozczfIIrM7ulnVQE5OQAtZD765D6PKvs2STwb9uZ7VVd7HjjK',	'my-firstname',	'my-lastaname',	'1997-04-01',	'user-test2.png',	'hello world2',	'user'),
('pseudo3',	'$2y$10$t80pozczfIIrM7ulnVQE5OQAtZD765D6PKvs2STwb9uZ7VVd7HjjK',	'my-firstname',	'my-lastaname',	'1997-04-01',	'user-test3.png',	'hello world',	'user'),
('pseudo4',	'$2y$10$t80pozczfIIrM7ulnVQE5OQAtZD765D6PKvs2STwb9uZ7VVd7HjjK',	'my-firstname',	'my-lastaname',	'1997-04-01',	'user-test4.png',	'hello world',	'user'),
('pseudo5',	'$2y$10$t80pozczfIIrM7ulnVQE5OQAtZD765D6PKvs2STwb9uZ7VVd7HjjK',	'my-firstname',	'my-lastaname',	'1997-04-01',	'30aw08002570160o7j25.jpeg',	'hello world',	'user'),
('skryska',	'$2y$10$t80pozczfIIrM7ulnVQE5OQAtZD765D6PKvs2STwb9uZ7VVd7HjjK',	'lola',	'lalo',	NULL,	'00729011022pc96d72aj.jpg',	'Born to die',	'user'),
('terminator',	'$2y$10$t80pozczfIIrM7ulnVQE5OQAtZD765D6PKvs2STwb9uZ7VVd7HjjK',	'spiderman',	'larrraign√©',	NULL,	'ml1wv80ox00252020350.jpeg',	'Lorem ipsum dolor sit amet, consectetur adipiscing elit. Sed non risus. Suspendisse lectus tortor, dignissim sit amet, adipiscing nec, ultricies sed, dolor. Cras elementum ultrices diam. Maecenas ligula massa, varius a, semper congue, euismod non, mi',	'admin');

CREATE TABLE `Users_ Informations` (
  `pseudo_` varchar(15) NOT NULL,
  `information_` varchar(25) NOT NULL,
  `value` varchar(50) NOT NULL,
  PRIMARY KEY (`pseudo_`,`information_`),
  KEY `FK-Users_Professions.profession_-FROM-Professions` (`information_`),
  CONSTRAINT `FK-Users_Professions.profession_-FROM-Professions` FOREIGN KEY (`information_`) REFERENCES `Informations` (`information`) ON UPDATE CASCADE,
  CONSTRAINT `FK-Users_Professions.pseudo_-FROM-Users` FOREIGN KEY (`pseudo_`) REFERENCES `Users` (`pseudo`) ON DELETE CASCADE ON UPDATE CASCADE
) ENGINE=InnoDB DEFAULT CHARSET=utf8mb3;

INSERT INTO `Users_ Informations` (`pseudo_`, `information_`, `value`) VALUES
('pseudo2',	'hobbit',	'pompe'),
('skryska',	'hobbit',	'kill hollows'),
('skryska',	'm√©tier',	'living my hobbit'),
('skryska',	'nationalit√©',	'peculliar'),
('terminator',	'hobbit',	'escalade'),
('terminator',	'm√©tier',	'streaper'),
('terminator',	'nationalit√©',	'espagnol');

CREATE TABLE `UsersKeys` (
  `pseudo_` varchar(15) NOT NULL,
  `keySetDate` datetime NOT NULL,
  `privateK` varchar(4000) NOT NULL,
  `publicK` varchar(1000) NOT NULL,
  PRIMARY KEY (`pseudo_`,`keySetDate`),
  CONSTRAINT `FK-UsersKeys.pseudo-FROM-Users` FOREIGN KEY (`pseudo_`) REFERENCES `Users` (`pseudo`) ON UPDATE CASCADE
) ENGINE=InnoDB DEFAULT CHARSET=utf8mb3;

INSERT INTO `UsersKeys` (`pseudo_`, `keySetDate`, `privateK`, `publicK`) VALUES
('hellollama',	'2023-10-18 14:24:51',	'-----BEGIN PRIVATE KEY-----\nMIIJQgIBADANBgkqhkiG9w0BAQEFAASCCSwwggkoAgEAAoICAQDn7VWynTTgpHJr\nLxltKC9LFuEjEzVIo++BqZwnftdn4eXemsYQCszE2aPk4YeI5fCWF80tWJm3MO3S\nMW0AqN9Ze1rJoTF/WAJ/Re7+4E1ctHF48u3n6M3RxOqRrJ0m+y3pHp7MsBiX4Me9\nVjnbxtV7o+CjV+nvF+H6X4eC7n4Mtcx995JeRMrLz4E7pyzOQTm4WyZll1UVmhAB\nMjel7EMHU6aoJEwwx8xi5QBh8hlwFGZsKFN3iu+QjdZL8cCWuRiYTU6PzriKq7ZP\nFTej1m7d6bpk+CJuLy83jOVxK13XGh66IenOtywAHgIDeM3hhD48IzAB9FuEj17Z\n1m5L9w7X/2IV9ny8mskhZ6l48evhc9T88yplqPeezVSJsXPqjGKPbyrrGgcw5Lhj\nmRRpoSC0vgVY9NrCuPWtfrc/80a2MpLyy8dV5ky2jSaY/D7Mgzhe8kH8OxL2N3Ff\nPn/XHkVcoqjgXhBC2PXd5fi1LKphyER0u1kvtb5tPehB/jhjZnLrMfpaUQUt3spt\n1bAzWugrzuewLioaXXRwQ7yCY4tNwgCOWZnzzrdHtbbYWJjMC481zqtEI1Ss7tU7\naUfGJ8jtTwjkSeA6b7O6xPkYyMKVFlBJHyf0MroeIBqXiSfDBXxUDa5Y4nFo1lDQ\nislgX62uzbXxJ6cpyA5WV1pKjq4NywIDAQABAoICAGfZJJNKwx+HYthNiaQP50VH\nJF4RPr2c8iRr7sjcidUxGD2ZrfAG9fN6xGE6/vY0h4qdc7jHQGT/mq2Qhg9SjlfB\n3UAFVmV/4fZdOQuVIe7NuTWACTjbTDWOZ738vY1z0PXeSRq8CvcOpkFIN7YKDRNE\nqNRbDBuL5Rq35bSh130Xdk49KaPeR7QE4Qf17iEYoaDD56h7n5SBnIL8mmBILyc7\ntJb7UcZR4Fmz0n0I64z9BXOOhvkzE9v1Nqxgvmx+yt1/WBsaZBVrl8FHbdeFr7Tb\n8CM/3CLcK9dC1oXa9jTXtESB5PAzopcW2K33TLCbB0bkNp3ZbZUooT8HPfHz2QfS\nRNYToOFQhKeejWqvbu1VawLYUyI7JXb3UWXnrDXuhb8znBMbBZZmeWPIWEJgUeMR\noXMrcksTsfCljOq86eXwzXsjVCbgesMiu8u+uKYadNF5xPVjbt54F3KDg3JO5vpU\n8k5K3pl0RYIXOSmQnfHhA0SGYkvzZzweyUe3AMr88sepqKLAOmZF1OmgH0DAUiG9\nf8Ih5Hej5CnDzYnEOi0EsCwbEW9n/6Dv2g9RiKvhkvs2bXJalY8nSAiEqGOSoLir\nXw8WulVvBDavQXAT9UPsF06saW7Ddp8Tk+A1trgpU/Mft8cNKTsROnYsxkVhkCVj\nG8R+NeCBIPvmIZU6A+tZAoIBAQD5OO7s4RkTJh934O6a/iBZuTjEv23RmQK6pJq1\nPQZZAsHctTdaLWRo77J8G9qvNWsbNdkd+2qi16awYCgoMCwUL/c6O5drxGBVAEgb\nfnSFXU6b7z1UmCgV8ot7ck4Wi+GA8bn+BN2HmmtAKuf5/9JWq717Hl2rLHuzC27j\n9wmQhq44zEk4fsGYmp74FbsKxW/c16LNN0/p4Rgy3YM9BMj8BbFFamB9UC//i5+K\n8VEB/270+ETTrCHs8xdFbEdS2hBPeqRZeJ3K5Kew3vE2xlXUIzV+n1tbZrawL9ev\n3ADI13S2hX1e0huQiXj7vDiZnxaM0LM9IH5mBnrmXp9GP4qVAoIBAQDuO/4uDm+R\nQCppzYl8Zp2r7rtVG6wx2wKWmvxZdk7lJpPIU6xOoszbrYYQQo5dOnGseNSDc46T\nS4SrNFxoUgCStwLI55PmplmbyyXkKK6TD0JI2ZIZpH9CYEwdqJx0fYvhztmzPFMj\ndiymdLu+Vq9zpTZcGFvItmVOnwnMX5rq3uTnGgQShZTCYstyEyo2aQM45UhdBrPf\nAssoygLOzKWsCJ9xbgrfuPdQ4HUY2n5pTD9mq4yRFDSrVTf2lyR2NRrQd4ml+nDY\n5J/7NktuK89xQaZCW/SvrDmgcqsJkvaoZkQ3ecFcWGJRsNb+egSyWqP8G2BkjSdb\nWkwA6bQh437fAoIBAHV7nzXPTvC18fOi9xfdYAarx9UHoI9DoAO4AK4bHFjtcdHH\nI1bBOyo0hGD5CHe7qMfk9HqrwDMPkaZnTcbUHpNNoS+0U8cbhYXMYjGDxQ3xVFMx\nzimIqKzf71y8H4+FVUJhsRnL1VpNMu3GzCAPtmng/6uAPwuoJo/afeW82Kdmtc5U\njtew+TYk/XdZVxjWxcrHZBl1T5ii4bNotKsZDF2xmUVtxhqMqHPAr+7hnxxf+0BD\noL5f0IZQedHiHyUxYqr013DN6SRx8ZLxJah6io88IcWU/Y3yt4AKrZRbE4uZ9Yzt\nFJKUXSYfiAazTcMtOYYcA8J3BN63g0wBoveMkJkCggEABaYihtEM0DLnTo7zHaIJ\nRxRoGMKJOL1quEuAhFaL1F8vzeY+BbdSiDr7HNOXMJq8K0zKLTvGO7Pkt3KMZmTb\nYp84T68+EJANO+Z7RYe5a/9GoReXoUgHRHmoFGP1IcYAVSBkhR1/Ey4wLNpDwWWo\nz2MxgMmLE51Plaerwc7ai4sxflFdm1rThjB1hoTx0Ux4KRc2ug34oecdDiCMJH8x\nxnyF21iypU9rfd10qVw09yY5sqOKt7306cMhipVW5f6oXh0XhHoFxv7U1E4bR8d+\nKb9Ww+gOS0QYMbfGWnnDo4aZQ399mET4P9ujnXEjP19q2AWGKZw3PLFNcBAal1sf\nnQKCAQEAi7jhkgE02sleNT4qv6F/QEl1AFSvZD8ABTkgo2e8aMIxPTEAfC1Gv4t2\nwwaLt3vdpEug6g3X7my4Z790EyP9vFM2I2dVBVWDhhAa6L4sN2SNgE92wYai+6iu\nfJsaC8HLKDtwE+rDkkPKbkAnl4AfXao1WhNXmpXNk8VpELMCfwjjBD70AsOhZP11\nxZgMHcHcUzjxyJYxdhG4b18Ku2AhuTUhoEIYUNrP23TKmYvYboXwCQw0tRMHFA26\nqbgqhH3cO9eYDuElBjitbkMht+Jw281ZfJawlTWhPa151sgbDmguB1sbX+8ihOqu\nJSWujqRZi9ynjKzSrMmiRA/URl7szA==\n-----END PRIVATE KEY-----\n',	'-----BEGIN PUBLIC KEY-----\nMIICIjANBgkqhkiG9w0BAQEFAAOCAg8AMIICCgKCAgEA5+1Vsp004KRyay8ZbSgv\nSxbhIxM1SKPvgamcJ37XZ+Hl3prGEArMxNmj5OGHiOXwlhfNLViZtzDt0jFtAKjf\nWXtayaExf1gCf0Xu/uBNXLRxePLt5+jN0cTqkaydJvst6R6ezLAYl+DHvVY528bV\ne6Pgo1fp7xfh+l+Hgu5+DLXMffeSXkTKy8+BO6cszkE5uFsmZZdVFZoQATI3pexD\nB1OmqCRMMMfMYuUAYfIZcBRmbChTd4rvkI3WS/HAlrkYmE1Oj864iqu2TxU3o9Zu\n3em6ZPgibi8vN4zlcStd1xoeuiHpzrcsAB4CA3jN4YQ+PCMwAfRbhI9e2dZuS/cO\n1/9iFfZ8vJrJIWepePHr4XPU/PMqZaj3ns1UibFz6oxij28q6xoHMOS4Y5kUaaEg\ntL4FWPTawrj1rX63P/NGtjKS8svHVeZMto0mmPw+zIM4XvJB/DsS9jdxXz5/1x5F\nXKKo4F4QQtj13eX4tSyqYchEdLtZL7W+bT3oQf44Y2Zy6zH6WlEFLd7KbdWwM1ro\nK87nsC4qGl10cEO8gmOLTcIAjlmZ8863R7W22FiYzAuPNc6rRCNUrO7VO2lHxifI\n7U8I5EngOm+zusT5GMjClRZQSR8n9DK6HiAal4knwwV8VA2uWOJxaNZQ0IrJYF+t\nrs218SenKcgOVldaSo6uDcsCAwEAAQ==\n-----END PUBLIC KEY-----\n'),
('hellollama',	'2023-10-18 14:35:59',	'-----BEGIN PRIVATE KEY-----\nMIIJQwIBADANBgkqhkiG9w0BAQEFAASCCS0wggkpAgEAAoICAQDTIOK+U2VFre0f\nAV9Qms/o1FMR0N7XUW5KJODkskOU0jfyMlXyHax+RZGgqPWoDC1l2Dy7CYmYpZdu\nQ/I+UaHpnPSdRaYVDhO+k4S4gAjOkdZiR6+RUqYXTXGqLycsBB9akBGXqFxWudSy\nw8qVy6jDqkUiGnrKOz2vItWSWbmv4vMCJEjotCMOu0ujUXyjqOeiaxyUha69yZwO\nouh5d1RLez6iWQKXKQeSKDmRP7vUkZUYQrl4bddKXXmttkcf+o3nXj4tKJ7B8u5m\nn+heNzyZgFTfGrfDpipL3uQxxS2ygeN43CrczjyRaxkcs/QBN5iREfa88pbtGOoc\nNvrGhc3kJWW3Sqvneb0hYnW+YkzuDWYT9WVk7WAwhOF//AofhonDz4hFeckq3Fsx\nHiHwu+NEtx84ACYXp7EQjFE8Fuzovmd1bdYQDT946422EG+b6uXboqGCIDD+4uHd\neaRuSSxYp2E+kb2fzcgd7l2p2JFORI4GMFTzD3WPN6Wvu1VGG15WSDeFCwm3EykS\nyOxu+V8mQaboRfRp263t9toHIX1e4gYGp1KsHFE4YgqYKNgg/EO1mCm0Ly3oil56\n44mA4G37+uxoXxfyFF2fWgDrk5aqzV3f2gq+ZI/k2BiiD2wEAg45X6JF0NO4XbSO\nOY6i+Rou2m2fZqkJdF+J6CDVpseydwIDAQABAoICAH/BcZNr0WdFpKvTX8LduxuP\nh6jLNF0kmFFjWXbp6/0c69+x19IHZL6QCFwogWYr4Di1jaI8Vje5VBXUJbzSFuDP\nKjIU2Df7abUzfOdMCog9NXYJHNMaKQkGwtYRbGm1IOfjL9IOfbm4/10hHvBf6YJl\nASpuzYicKmpU8Nl7U+J7uUK9hCTUBDbA3Tc5cutxpKDiocu5zRBo8/bjWztNGwQF\n0tPYernPiRZHIvaik11ArvCcR7D4/oKwZ5XXK9jM+5taqtMWtmJ0RxBwiOKiGBhm\n0HSkrThFz2hTus/nGgzfji8vQvyUC5CPNwXoWql14+s87IpPXUahgeCK4FrK0te2\nI9Mc6+QXupKmwn5kWLeSd2K7IS8fj8wSi29bba7qWuMSAwNm78SL3CGd1O29fRvH\n3iZCcmYjUv6B9SM2jh4oyXRzoAHgA6AMFSVwo5mFvbM36KfkQlusdJZWYBhftGwy\nNDAY5h791RJg/evnjcM9r1ptik+ruCwjo8ri4x7aBr7FfAp1QjPnOnLBJrlgGscp\n6miomkVF0qwQYS4/2NCVcZVh8CKkCuxJmPdB23770HFeQ26v82/DlP/aCAQsNN+0\n6DI5kql8hTMt9F+k+zIc4qX16jyUr+g9zT9yKtAyS3n8ORcal+zqxQfc5+GYtTbi\nPun1ZsMkd3RfDh84Jqs5AoIBAQD6tzjB7Y/oReScGnOoxU/3JBQvTpLH5Tm086n/\n3vRgXOd9ECvD1EhsbP68t6qK5U5b7CLy+qx4p5R8+ELroCCPohZHAmmx1J+CjlPe\nQ7OWvEokrfytmKg5IMZWafIIwQBru1Ec+DKYOc0LlI86qBP/t719RJyw3M1F0LJ2\nl6kZ2z1Cv9H+mY4Af7JfxO3IxyVj5xYPzDhYzdyUD6GGGnj0kG9yYTfFe9QTvGi+\njvQGhqscKkOZ0807vt+ktzLxeMeJQFZGEwxv43Jvktb01EMRqfzaJS/WAW6RpTDt\nMfOQElh8UWUyUmfbdpYvVLChhOPnmqh0lNDkxlm7iT2D7l+9AoIBAQDXlBB9yexB\nwdiPTEaYJf5kqIqI5j4iGs0R12XPq+5pEsc7sAo0kHmNk1WoxosX18vplfOdhR5X\nSrKbpoiGcojjeMVaMgy52XsRKIh4nljWQXW5PPB3DdosPBKbL35Wh7xnNNc5LIhA\nQIVn/w75il4Uj2Cs40IebnaIz22JIO/kR0VUVXePgN2ongPqIRQC8mv7XN6oS2ok\nuWn6ljHhSnsxbTtqLVmWSTskp2E50G3iyGNm/k3P+OW28zGq+bGVUy62jSle6x7U\nTPAyGAHnXska8k+dHz7DQT5XZ+/X2l4ifqmCaFwhqjMMaa40Of67i6n83Qvsabmd\nalsKePFGv3RDAoIBAQDiYKO//ygMW2eTSBMc1aRhi9Mp7/F6ytAzQjxCi+buR5TB\niONre/c056mPbutvZKM/PtVDvfITM4VQ3b1XEgu0hW9GCLi02D563NZ/f3Pd6/+q\nZOsdOBTVGHHdvuXK37HolIcl+Dl+19n71dUJ6o+8OwS+4j/1NjmnC0zI5iHK9fm3\nloofMDlW2/aMoLzvqFlrflGeTBCopqC/k+mNs8N5WB05Eu0PxMJ2W43cWime5uQD\nl2nYsLTEeJFpIf2+qQbKOCxuM27sbFt8wQKUqEAy5+Eme6NYwYw7uAOYeJzqfpYl\nEj2klWGveMEc1YRzIxHBoxTtxx1jJHILclz4DjmlAoIBAF4eufiBYVHwVSFzNtsU\ns3W1FA7jHzt6og/pD/1UXlmnpi6MFFiQv1Etg1eVn4LAZ7nLCzq5tN59sW89jRvO\nA6/0uY1AjsfRiOab4MFwuO6KU+CVF5OTC68GZ0Uzvh//USVqL5E5vR74TIZ0GFCg\ntaSaWKYC7ookxkHC9lrJc5Mh/sXsLrALnjsRCjp9SKRkvPpYuKmXi3cPMJMEYjCv\neQvCWg9oT1XLETRWk59PPbqmrKd53fUwAPMYSJYSQBMm5x0ykl5rnuEn2jK0wpgG\njRzjsBi0XI2Y/aPhsBh4sWK0FEPoVlkoWvNPbIxGyc2OE6BfzeXg3vY4ShlPZl/y\nFMsCggEBAJWKBZNKfdIBhzAEi4tY1fbqjOTtS777O/pts+M2V53rvkBEAxr9WCyW\nUITKc1reZZiu5s1C7Ncg47XRVZ2c18COqSDXSduZxj9V1XIkraV74ZEkKJvANK/Y\n+gy33IsTU6LeZoU9TTZNxuJibO4hhQL5S/JwGQL+A54YvMSUIZhbZr3K7U9qJgdn\n6teOwPVqwosRpszI9ctvKwQVrAqUAx/EDw+EjL+H7dR/DvqeXWWr/2WjenG/NluH\nhGyN18aHc/rKypQAct+F3ZpIJ2oshC4WCbJzI/FoTTw/we2vkLP/AbW58K08c0CK\nUJ+/dLdLfSbPKRXYzlKTfv2w/EsBRGI=\n-----END PRIVATE KEY-----\n',	'-----BEGIN PUBLIC KEY-----\nMIICIjANBgkqhkiG9w0BAQEFAAOCAg8AMIICCgKCAgEA0yDivlNlRa3tHwFfUJrP\n6NRTEdDe11FuSiTg5LJDlNI38jJV8h2sfkWRoKj1qAwtZdg8uwmJmKWXbkPyPlGh\n6Zz0nUWmFQ4TvpOEuIAIzpHWYkevkVKmF01xqi8nLAQfWpARl6hcVrnUssPKlcuo\nw6pFIhp6yjs9ryLVklm5r+LzAiRI6LQjDrtLo1F8o6jnomsclIWuvcmcDqLoeXdU\nS3s+olkClykHkig5kT+71JGVGEK5eG3XSl15rbZHH/qN514+LSiewfLuZp/oXjc8\nmYBU3xq3w6YqS97kMcUtsoHjeNwq3M48kWsZHLP0ATeYkRH2vPKW7RjqHDb6xoXN\n5CVlt0qr53m9IWJ1vmJM7g1mE/VlZO1gMIThf/wKH4aJw8+IRXnJKtxbMR4h8Lvj\nRLcfOAAmF6exEIxRPBbs6L5ndW3WEA0/eOuNthBvm+rl26KhgiAw/uLh3Xmkbkks\nWKdhPpG9n83IHe5dqdiRTkSOBjBU8w91jzelr7tVRhteVkg3hQsJtxMpEsjsbvlf\nJkGm6EX0adut7fbaByF9XuIGBqdSrBxROGIKmCjYIPxDtZgptC8t6IpeeuOJgOBt\n+/rsaF8X8hRdn1oA65OWqs1d39oKvmSP5NgYog9sBAIOOV+iRdDTuF20jjmOovka\nLtptn2apCXRfiegg1abHsncCAwEAAQ==\n-----END PUBLIC KEY-----\n'),
('terminator',	'2023-10-18 13:09:17',	'-----BEGIN PRIVATE KEY-----\nMIIJQgIBADANBgkqhkiG9w0BAQEFAASCCSwwggkoAgEAAoICAQDhH3DGYxwVlrXh\nTqUHc4iZ2i69F6Qqs45Gyf1v+WX3R3QIqJ8wtjXYrd06u1SazYI3heweiZ3d4dcw\nxL1LoEW44jajMbGJU+E9MgqtE+d1tLtLuoSNpaCzxfzSDxzJpurCT/YYd+4lALD5\nFgTfpBMnzOs+arDN5m1x6NJCMXOi7V8ta0k+aGo417r3MiecZuKKufw47KolEAcw\ne4XpvW4hf752eha0oPcptQeweKykE+XwKujnxUbtYNe3KyH/FK6uFot4EGwLHCob\n2CYP1fOFoGb3RLr7wYXchSz/8Hz99dAknWtpswrHp2Mj8MUEr5n3qahUsWld5fIl\nDyITSFENU384MJOCh+HR+6cLk9O4mSS6sz12qa2dSA77JrAUepAJ8debWFJelXXz\nCrSBF636ZJmfWRz6r3Rxq8RxYrzU8H18WNWWHimW/dbpEn60Rc/ymCOJPj2HfLl7\n1CLHGSZ5umECAECTMWCjR2O3k4R08+aPZsmG6eQS5/r0MO+VUdd2QwAFZzx8xfkF\nLIoyR+OM6o5jF3GUvkzwipN771hvf6ilaNCF3Sk2z2QOt5ZqVq94rXuM9WlYkIzs\nnzGqySiBbo/GQBawbrHAsh2P9pK+3YuXXyqAd0X7EZXaG8vDGrGGhjoDuWulTXoI\nf6ZRguOhehIy3ykSCd0N0oz+aS7MowIDAQABAoICADDShb2wntWbwsQjLy0nhDeB\nluNRbjwIhtGZWspe9xsituptz2BcE99zDWiAWf/ck+IAvE1/IOqO4QFlmXv+PUC0\nZo8L5unWdCG2aZRRnb/sOzZYNAkYI3r5dDQGLQManQ0ZFFEIKXCC7t6GRPZPegwG\np/n4X3G4CIJMsNTELsTl399UxiSvtmGvf4++o9KKiZT2ctnRkbDKAhUkpM0lVO4U\n6zR8k9IGmrPD2/AMq7xFyHdGhw5EvXYbq4zA4PWWAbAlmYenYBcku4kgXljO2Kph\nOBNmJ3sT5DkH9NNoz2KwXbyjGzloJ+1Wwux3efLjNmv8slHzy9seVF5vIr+1zkXC\naflBAnvL1DsqWnz9HvBR1J46Gg/oTjdxFT26jKU4nClS+kMrsDNyBwL9nU5EyIfe\nrREC4oCMoIP1YDy57pNwiNlTRwmqnPyeEC6uCQ0OMBaR2ade3HKpIgorFw30MCPn\nc9vxxucrkudOnAI/iPTQJJuQ2N1H+aQG3Ee8OQJwOSNFO8gneRcBEpskMZ0otZCj\nBHU1r4J+tryBrQUYitUZ95yqavVPQaBDLYkUTG9DvAus4wmIe1xoEq5q+LF7CisJ\ngvOU4WtkJgWzGeLIu9N06kZq9doo3224flfgZ4P8QAlbMHeGlPs0d0K7eyubCQmg\nR1H61EVgaQGXZnmccAp5AoIBAQD3er7N2JQTCD24ufDiVYfxJX79sx0tw8UZaUVc\n4bfvCdIuhA9j+kvtg1NWTZSRgO9C2Yd+KvnN71XUaEJfEHS8/unvS1zXzakmslaN\nf02YVSLPE3E7+wi4Mb5RW8QXlKKIF03aReavMmdZInxdgCg2p2dSnJIqJE/etc7v\ngNWVmXi3GOlP4nF/lKfgz8txxa1zqRNLSGP+hdRwlPnVrVRs8n11gHyow5zq0z7f\nrWoDgpPuteSR8+Okx3CC5FK3rPm9KQTcwBiM9lOJOBwxuEozPI0lJtsnj7u2OcgG\nnqh4eLciej+/wfnoXlxCWoD/oMDM+ks3OxMVb/uxpYN801IFAoIBAQDo36VxSdJV\npzf1hKqYfnhmojznKEs2UGhTBMLZvVzUH1q0AYA2NL/jZWTZaSQ28jk87l7uIvOM\nyraeGPG3sdOeNVtiYfyU7qqDCCwsWVmK934s850EC9IB2O522YJKUTHtuMGugq5W\nTYXE8sZlPV9cjWwsO0FIldAIGAP6nYNtkyQH4E/1093PgQRkzgcwRSZwHySjkVAM\npb+IN1bTemiZVgQtv9JD41luvKXOn/jGY/dDLl6/VprPSxrIHRCH3JNaMGT9u/6A\niJ5B4s57jYY/1BqvX5x4++yKYxINHi7v40w5epZ6E7CqEQGelDhK1kqUQZjn/iFz\n8R1J1/QyjhyHAoIBACwyR5ELdKZRenRbAKHrFHQEdkFok3Vw2OpI2pJT3T1bS6Xy\n/6yjLpwkL+XhxP6XQCN4JbJqimI0s+dTF0dS8QYvoCeUFeiUWfkHMF3ktj7WNXk1\nx6smkdATUiHFeaeca8pSHx00DpaLMdnBRuSL1qKsEs+2FoRgJ8NmRKaRI5Or7NsG\nH+ScVBisu65ybarL2sYlE8UGEJWL4PyaHmQCqGkshStO3vRkuslVII1hsuUdlL20\nzjUikS0EURuPGxaiVZdqk+u4gqnp89E1rBNVDitITQyte8X87VEF0Ksd+ohJRqtp\nmajtQ2w0LdXLw+3jD4uLx5L9gdL6RMDdBjZspuECggEBAKM//WQg40HGexUzzsAe\nkNsqStWlyqwlzCy+vrYT6NqPrG9aSf42FnscHonHCms2fWe4l3YLrH77sO+9/t3O\n3NIhB5I9rOrfMUuwU/83F+2yuJJcqasnei5vXCSXMJ5Ws1C6X5St6fd4WxmJNAnO\n72YbgkSzuX1gALlb1JZBC9yp9O1Mk+F6iBmqkWD1idaN83dQbcf424wyOcYNPWH9\ngwxTX5SOz6Fl5NEbkIT8YlL5y2IeRK+Pz/EX7otwzKDhwa7NFE9IFg8XNxJrJGM7\nAG0IjTh6J2AtA1K0RvhJO5BR4KK+zHSCDyv5xg/cSmY0OY4bOk0QO3VjByw4Jum1\n9EsCggEAJ+6iLrobpPEJbOZK1n1Y6Veu4L7aMks+DQCWOu5ZwB6d8b9e+Mr6c0SM\n+eSeKLdgnfDoWA54UrWrRuElh9+RSrIQHqTfkz7Zj4+6nU1Uy8e+/tgmoQINX0YW\nApHJ26NM1rX6bNkd4/co0VyvFCRi+WFQOB+6tvJfBPKH0v2PkUsE1r0MFE8vDK+k\n1z8xv8QdERBiWLcHB7b2lZxsZzdoqbNxP3s3XEjO9k5O8OtDWefgnjsAENlwQ6pn\nVsjW+d8umGFIpnXOG3uEiS98CKTcUxOEF5ziqPXMNps5wInB3ir4B8Gsk/8kGE1I\n4o4qXHJWn+YXMJkYB2Pshhwlj6m6pA==\n-----END PRIVATE KEY-----\n',	'-----BEGIN PUBLIC KEY-----\nMIICIjANBgkqhkiG9w0BAQEFAAOCAg8AMIICCgKCAgEA4R9wxmMcFZa14U6lB3OI\nmdouvRekKrOORsn9b/ll90d0CKifMLY12K3dOrtUms2CN4XsHomd3eHXMMS9S6BF\nuOI2ozGxiVPhPTIKrRPndbS7S7qEjaWgs8X80g8cyabqwk/2GHfuJQCw+RYE36QT\nJ8zrPmqwzeZtcejSQjFzou1fLWtJPmhqONe69zInnGbiirn8OOyqJRAHMHuF6b1u\nIX++dnoWtKD3KbUHsHispBPl8Cro58VG7WDXtysh/xSurhaLeBBsCxwqG9gmD9Xz\nhaBm90S6+8GF3IUs//B8/fXQJJ1rabMKx6djI/DFBK+Z96moVLFpXeXyJQ8iE0hR\nDVN/ODCTgofh0funC5PTuJkkurM9dqmtnUgO+yawFHqQCfHXm1hSXpV18wq0gRet\n+mSZn1kc+q90cavEcWK81PB9fFjVlh4plv3W6RJ+tEXP8pgjiT49h3y5e9Qixxkm\nebphAgBAkzFgo0djt5OEdPPmj2bJhunkEuf69DDvlVHXdkMABWc8fMX5BSyKMkfj\njOqOYxdxlL5M8IqTe+9Yb3+opWjQhd0pNs9kDreWalaveK17jPVpWJCM7J8xqsko\ngW6PxkAWsG6xwLIdj/aSvt2Ll18qgHdF+xGV2hvLwxqxhoY6A7lrpU16CH+mUYLj\noXoSMt8pEgndDdKM/mkuzKMCAwEAAQ==\n-----END PUBLIC KEY-----\n'),
('terminator',	'2023-10-18 14:44:28',	'-----BEGIN PRIVATE KEY-----\nMIIJQgIBADANBgkqhkiG9w0BAQEFAASCCSwwggkoAgEAAoICAQC97okaoFZogqJs\nJsFWkXmT/Xjyzw1OYi5IM+4TQbqlnhUPVDI7FRbXy64HIsvsVmiY73b3LoIh6AxH\nTBzhEapmN3+hTYCFJxjinLKjruC0UP6F6Doa80gK0fzqfKV3Q7DVPKK834LNB61b\n+9ofRBD5SZjCqe87Nq2MOvhaE2rmR1apXvrzMCytvgwT5vxP7Jf9tswOLfFBbUOz\nVhfp11pVN6YdJ4E9gDJmc5skVOmBPgNTVX8PS5khAlhKqWdVNH63Xz8E/tZMnubG\nuo9EEJFMsqNy2AW5KjjM+5n1hqLc6ch7/m5XH5Xj0aBAoKrflltmzigOy69O4Zp1\nZkJGqlRyh1m6Y9sls2r5FDaeK08WFxgIrN8ZVjgTSvTH+T5TbmE00VGxMvE39eRh\nfS5ukT8bZB8boJg5xSYwWb3zzC1mXxiRvbfO4lFEaukNTBKL1Bjm4c/qHzZaGqiH\n0CF6tMRXMn6Xj0uSuK3e0Ldfb2mE9tyyUHEVKPzcIu7LYpPzQxFvfXrgYQVCqApc\nQFZxda/vi63rp8B9L9IJi9xySTQYA+IbckjEEDF40XbUjKw2kp2i7GZuUoPMIYEA\n18DJaCjY7qjS6KYW4yS9ZKyUCTNaS93Bg9I7pc12GyMk8WQMm6KjoYEMD7PiNC0/\ngAhpXaFLJDe8f3ijKjpjLV5H+JYspQIDAQABAoIB/y97css1SmTWQ8TF64+4zqww\nsgwBt1HhObDTSrGFvSOqYZlzcxtSKmPIh7lA+bob4Apb02H4PpA7ctZgMNgTkoX7\nWez5cyfWnmIIyqAhGAv8M6VGaUBTka8i0BfPEY6/XXXxsr2FIy4evThBvkYSviuU\nOpxv317uTHTCSVQ7hn4LV58AH7ysTn8hA+P12x4gB99l05233ph8uHAdFd1f+TVU\ntDKVrbmyUudJ/38Vu0qUNkCfHySzwZR/AZOoxiyG8ybkqNyW2PxOvWLxQN/DRI/o\nGPSdDNE9vPWB8PtwrUaNK5HUCcG+I7rQrT966zz6Wd9ZqqoIQct2mya+adNAwdtx\ncty9LgPZ87G+fCmcnmnhXTw/luZSLlHb46x0EftTz9375YoUHGShB+hH04xTeiDK\nS83pwiScphQJxzJAMh8A1FV59BR3481swdUr8yCthYSG5sKO4QjxAmxKSHBY7kWZ\neQBwSrVVBbuJ/kZOQChazwetczhkuOMiZnTU179VMHZZJf4rO0BYwmyKEkkP8fYY\nob/KgPq/t91pzi94X9oGm6jKTxuLfsoi3VCh+N9wFfmoSPJ9ljdzJRlnQQ0/wj67\nm/v/7Fe/acHRJcbTO135V6/By4YN/ZzztBgMoudQkoLz+p2NIzt4Msc0soiQtidw\n4ZnmnY7BvR6R7bJj+AECggEBAOzDyNTvsabavaxBtmk50qOvbG/KQvrHx8Q2FxAH\nFdUBwlFxyvPpNAxFg8SXJ98TAvvNnVAtKDwnR7tpBLm/IMFpdqILxFIv1rNY0/ec\nU5ubizEujZ08Pjc/PNjjZr7jzzW0aVxCMPJh3kqpS3eOZqv9PDnMyEPni4sCsC+P\n6+DTUHPXuNmqgqffuZFVqHIseIIn0fXlc1zbwBJt+rJ44YC4DXxygbLuL2agpVca\nWbO3F9p2MUCIWNil9GoaMcPnIJFst1BzxcFS/cj2EwliX0TC5kZbzMbl/pvTYpD7\nmlFtFIUz/BJmAal7AtCdtx9K4ZDzVewWCAHv8Xc0VPlCFz0CggEBAM1cuM7Ab+yy\nDJ89R171KXRMJcnIPrcdu13oj4o9gAIyq1DRzlhuIPPsuHmn9hYSR1afHXoq2A3U\nJd7n/vTcyNHhweKF0OBAWHVTMZ1VBbXkk370NqtrvJs71cRrKXBmDd3Pxo3cy0df\nvkcm0sXBQ98B7CS4tYVQMSrFvkXRtq5+8OMxykJ1EbAfjX0FfHqXXt8muADX9NAr\n1PLAEnx97OlTUF32qvLZ8uQ4YThr1zsQ5Bjl0ffYnyNo2jw8xaEDvmXRPSiQ8nLL\nurAYIRvINjRENteJT3jYy7oLk118onxOQQJWyd5Kvhz5PxGDvTFbiPcgO3KExasa\n8Hn44biqgYkCggEBAJGQ6dfpKptAX18Z47GcSGI0x4GPpFCVJb//1XwYLxcQBs2W\nHcaKeWKWFqZ2nJ/tC2ePCgoySUt6hwK1VZ9x4Ayp77M/csto+CK6GVBiP5ErN4/c\nZFrooAPNkHZ0kUYJv+rv6ds8IuXSwB29KlXuKjfR8QZEXlhJcqTb2UDUxpwqr4sZ\ndV/2EnBt/6RYOsE/kDPNkawSDzRnMxbhoUG7SkGeZ0Q9DnrZMDFz0VPVMpNonXTG\nOA/KBH3mwne9dR1R69cdNTN0ioAKq1ez2w5o+dPH1FYruKIM49YgR7iFyGIJo5Ul\n2fPh3WG67IcggGbv3fEFeq00+mVehWHZveil9q0CggEAAbEt5KY5Rd4BtJ4wpFuo\nx8iI1yzLN38LOC7eX+k50MrSFoxkAt6Fbv0YWAhGQtBLvi75czQ/K34AAeIve50G\nGpSdoFwx6GcfU3goBH/a2DDV9knU2Xy9xRmtHT00zjRJEPbRUAHtutzTGIr9WZvK\nD2BYrcTH2h1bClsuwiyEMNPi8DxMyldkmeroo4sUB36PzY7oHTmqTrzNuGJUxKnU\n9ec11lBeADpDghXk1y4sS9RLzNi37i7ewM/wXGazyivZucULl/X5yXBcTW8ldrEj\noTKesQ/0k65Vn2bRBAgu3o9WgcptR2OeRWbYWjCXsnxqmH6vfrYRWuOR769ZTMg6\n4QKCAQEAhBrksAsTpWWNULjvi0tNZvfcaph90tJpeC/UMoaTjs2PKsZfYJ7hn0t7\nFq4wm8QMeJjnOpTkJIT/81OxFOCy5fKXE+FcvXRHDKdjnPQ1ffaubPUz2Xqj5thk\nmucrQltr78VHxqe9ulrJmJ7wBmi5K0QLOeZjGx+c+Lu/nFFWasdSPLMD7Ne5IH0m\nH3UXFz68Z9OkWLPuMex532WnkSCpHYQQ55Ed1w1Fwu2yn/fLIj1MIoLgoxP5rTSY\n6uQ42sOMxAlucWTU0RF6eki0jE5YnD+QXBpYmSc2XF0FPUPzG9bf8QFxMdvoVyHl\nMa1Wh3nywDchRZ0I1KQEfjZDLnFrUw==\n-----END PRIVATE KEY-----\n',	'-----BEGIN PUBLIC KEY-----\nMIICIjANBgkqhkiG9w0BAQEFAAOCAg8AMIICCgKCAgEAve6JGqBWaIKibCbBVpF5\nk/148s8NTmIuSDPuE0G6pZ4VD1QyOxUW18uuByLL7FZomO929y6CIegMR0wc4RGq\nZjd/oU2AhScY4pyyo67gtFD+heg6GvNICtH86nyld0Ow1TyivN+CzQetW/vaH0QQ\n+UmYwqnvOzatjDr4WhNq5kdWqV768zAsrb4ME+b8T+yX/bbMDi3xQW1Ds1YX6dda\nVTemHSeBPYAyZnObJFTpgT4DU1V/D0uZIQJYSqlnVTR+t18/BP7WTJ7mxrqPRBCR\nTLKjctgFuSo4zPuZ9Yai3OnIe/5uVx+V49GgQKCq35ZbZs4oDsuvTuGadWZCRqpU\ncodZumPbJbNq+RQ2nitPFhcYCKzfGVY4E0r0x/k+U25hNNFRsTLxN/XkYX0ubpE/\nG2QfG6CYOcUmMFm988wtZl8Ykb23zuJRRGrpDUwSi9QY5uHP6h82Whqoh9AherTE\nVzJ+l49Lkrit3tC3X29phPbcslBxFSj83CLuy2KT80MRb3164GEFQqgKXEBWcXWv\n74ut66fAfS/SCYvcckk0GAPiG3JIxBAxeNF21IysNpKdouxmblKDzCGBANfAyWgo\n2O6o0uimFuMkvWSslAkzWkvdwYPSO6XNdhsjJPFkDJuio6GBDA+z4jQtP4AIaV2h\nSyQ3vH94oyo6Yy1eR/iWLKUCAwEAAQ==\n-----END PUBLIC KEY-----\n'),
('terminator',	'2023-10-19 05:22:38',	'-----BEGIN PRIVATE KEY-----\nMIIJRQIBADANBgkqhkiG9w0BAQEFAASCCS8wggkrAgEAAoICAQDAXrkQEc5QyyMc\n3JG/ZUrQedO8n0g7V9moncieVrvP+T7UP2WjRIwdGR79mDJ1sywYdfoVajgf7bpA\ncMl8N6Nt9Jvv9XOCpXw6HZdQycuy4T7Uf6v9mOSpGoOXQceseYrle/lgc8WgD83W\nG1zhu8LZWlAGbu6VHMXOjtHOpWJ6aZXO+KWWFZW7edAl8E8x9btWGU1DSupaWCys\nqeQiC7vA5YdluFdX8dyOu+9kOTKqGlm305D1vBLDYxDChxFYWw7kL337iEWC+yaZ\n9/urEItMFRwAOC6BnsQnnp1z0CaVA2m9rIpCX7pkbuLDQy/5PpoSCs2OFhfB9iU/\nrEqziOeWKP3hDx9HWLv9eSTdxwCZbedNsmti2uG5VueRn/rDkMeWkCsIv60w/ld9\nGxNQmdmdM/eeCG8gmkzfmVY5MF4A0jikrwu+1lliGZ+IdSyMZmAJQhy4m0JhEUrr\nFtIY7dtxfAS916aKfgRZiqD5nUB3rxyqnxnByiNo6TVKazJ+5UzuKrJBDomkjeTT\nWW8ZwhPAfO64b8HpXruMVgXJMa8ZWvqjUVHMk8VPiWl7CQpBhu0W30FGzXaiUKbG\n4nkXvtQkkqZv9Q0MluutIHFAVg3rd3EDkTH+3EtMfu8MXTFa2zElqePnbLLSs64y\nKMkb1ErHNsnY0ddMmLFZmviBQCcoWwIDAQABAoICAQCMjmlvuWLjG5nbQ7pme09P\nxkQURNmVKppJnofwUXVG/1mN4YiU48fwluNS7bqozzJ/6OvCa+r4QU3eOcquLUUH\nWTv693/fzKRZHjfqepeQaw3qXCLB183zVQEjKpgHiIMZLB1JAS47xnBiaXnTIcq7\n30YrfTBr2SsawrW/5I1w3ebs5Daw07Kk2dthbRWgbmjj/va6HWngex6hRjz/N02H\nIu5sP2XqRzkdPWor87L2IOy+6SG4uyOGicK8L85Xnajix2Sovaf0jSdmRpAnLJ5r\nB91+t44bfXLbdASdk1AtfuHrCb+3wZRCP9cGTvgliD0ww53vnGrdeMk8ndmzFmwG\nwSYg4AHV/2PYnEhUdAZK0utPKXioJqXWdWNUvojaZ2RnqolSloqKBnqK7/6vlF7G\n5xB9SxulhcM4wKXdl1jB8N+H0lkcmu95HWmRo432FjO0wG7kFIGPZVYP9MWUiIKX\nkQfnMglQhzW1rPZP53AmXtzS8pCpL6Ud5z3agiVjXD7Lxqiq5F2lDGQ42zL7meZW\nrG8hg8GKwWLGue2QJQja3qqFXo1WHqTMqmGyQQxtKWkMGuXzNRCKPSazOzJ3euTA\nId6QOXtpMbWhDx2xcXtzeYa5OUn39woLn9iYaTxBAp6lbLevIz4hjzMIhTFNnOJ4\nj8wxXocHXC5ssdeCsxpWqQKCAQEA8PWdZmnv26oOaQLYDfjUSldAHoYpd7TT/xYN\nMTmeA8sgGNEiLqhJ8GUHEMfdIOcpPqNJpJAYOLelkLkp69VHuChwygt1uwkEKAcj\nfrBspgc9ktApxiuVb31AziZsYeGU50VWY9My77P1VyZj+SuqUP3zmEFupIWDx0ww\nM3t1+KgUxOxoVvcXrDCiTjDHLQO1Kxtjz4FNHA9FSirm0T9XV0jfPCnC9GJmOxHt\n5jpkWPuAycnRzXCDS+0LI0UFJoiU8z7Ef0Sn5aRQxdvS8O+z6mhaW+Ia3PXA4qvD\nk70sF/FWtCRFRAYiEYlDgupzST+o6BFi8xY7JYf9lQkDR7c7jQKCAQEAzGCtvIcu\n4iaAHSVOaZEQrcPeDpnck6YeezzcnjLDYjD7ojH5mXciyW2MZnbXtlnYi/yoBv42\nokGuBjRWkA6htYVvPiHhh8ExEZ7QmJZdZDkm7pVPkx/7CsyVbJKKSGqJWVa90dcP\nVmGk3qmRMF572CJJhQbZJtWGKWQfsosLShKA+avmFm0ajeFZX3pl87SrlQcOBST7\n8NN20i3mFs3cdYGeT898YK0zHoYwCiWGKqIhD/yN09bi6dcQzJjcHaSKxTmmUR2U\nmp4OFnLNfw1/9YzCl3dZYJM4Ydrk6UVAv28W6Aj+dH9ZtA5XRqwFUFDMMHfRwBuj\nQ8ZGVRxb/hEFhwKCAQEAjBBJiTGFImvMapAjpKOCSyBCfjvAOPwcysc3rehvCId3\nRdWzB+n86Mbg/4kd6bVVDTr/YK/91GIz1Fc9nf9g7BRd06QrsCfCib30jPzievP0\nf7WOwsms2Jy3Id3F3HOzCWgNmoM2tY0mzJzdOgZ+vwuPIG7QcMPHYP7ReeuHHJ4f\nTISa9go1cXrnrYm/DVR9Z+xI7WKcvvXFciJT/0fRbkRGtwMTdtkH0chPQCerEupG\n54Tv9nozZ9wHQF4ra0WzR12x/MScz+jeptRr3m+HZnd4JrbcpJoZn+j2C5fH3LcF\njjsTJEJoZUcjviKoFujxNsx8dw7yHJPa/Fm71WEWNQKCAQEAjh0P0g9iH2lMHngp\nfSidI2cWSqrcgWK6wVEBy5Na3zVWVGNRv0/jRZNCVKGAv9DbzgOCx1IPpWXsX24X\nXxZ9hZ5iSx7+FwrUVv9K5z9vc1h2ZOI4MgLD6q91m8iOFWrXVOMHHRnhFVzSau4Y\nAj1A+nplCvZHG0TQhImVrO4YjIovWu0YEjINi+jN36FZsUvJH9iG/DbKZZx1fBLk\ncqj1ClR2Q+LwBr2I1UnTr8qF77FLMjWYXVyH7rhYexwzuv0Gbbv3lWHvSlBrVVrA\n3/8AIjudt/sKkCfuxcSS9k3shvD1SaWvYkyHkLeEIqVNEJsOUQmQNXhCX8dIcrhE\nk3c8kwKCAQEA1pHNATTO7GwKqU2eGaWhTAUv++N/5x+hV6MDh0j1hNZLVqIT0LK7\nvaAIge6LAEuAIt0WMaKrCJzLafLYS+95J5MhRS6ARYn8V1qDS4CuTVabfuXojJ3r\nCUAiiCpXXWv8UghS11TX9A5mcPoTfjkWSK3xv8kYZI8UzXtsp4uwbU7tGiNSMX/A\nTvQSZ5RbuqvGzOAZ7YdoHrejGYvszQbfJTCTUV5C41GZWIhut84q3InoaahuwfBB\nCRYrf+QGIF0kyzr0+d8CE0tmWaS2LetlRlsM/dsm3QZkLY423Wo4/v1MQNE3VbA+\n0YgQhvJWHDPNwmYV8erGKH9XmBgq75UBCQ==\n-----END PRIVATE KEY-----\n',	'-----BEGIN PUBLIC KEY-----\nMIICIjANBgkqhkiG9w0BAQEFAAOCAg8AMIICCgKCAgEAwF65EBHOUMsjHNyRv2VK\n0HnTvJ9IO1fZqJ3Inla7z/k+1D9lo0SMHRke/ZgydbMsGHX6FWo4H+26QHDJfDej\nbfSb7/VzgqV8Oh2XUMnLsuE+1H+r/ZjkqRqDl0HHrHmK5Xv5YHPFoA/N1htc4bvC\n2VpQBm7ulRzFzo7RzqViemmVzvillhWVu3nQJfBPMfW7VhlNQ0rqWlgsrKnkIgu7\nwOWHZbhXV/HcjrvvZDkyqhpZt9OQ9bwSw2MQwocRWFsO5C99+4hFgvsmmff7qxCL\nTBUcADgugZ7EJ56dc9AmlQNpvayKQl+6ZG7iw0Mv+T6aEgrNjhYXwfYlP6xKs4jn\nlij94Q8fR1i7/Xkk3ccAmW3nTbJrYtrhuVbnkZ/6w5DHlpArCL+tMP5XfRsTUJnZ\nnTP3nghvIJpM35lWOTBeANI4pK8LvtZZYhmfiHUsjGZgCUIcuJtCYRFK6xbSGO3b\ncXwEvdemin4EWYqg+Z1Ad68cqp8ZwcojaOk1SmsyfuVM7iqyQQ6JpI3k01lvGcIT\nwHzuuG/B6V67jFYFyTGvGVr6o1FRzJPFT4lpewkKQYbtFt9BRs12olCmxuJ5F77U\nJJKmb/UNDJbrrSBxQFYN63dxA5Ex/txLTH7vDF0xWtsxJanj52yy0rOuMijJG9RK\nxzbJ2NHXTJixWZr4gUAnKFsCAwEAAQ==\n-----END PUBLIC KEY-----\n');

-- 2023-10-19 06:41:38
